ModelFile;PositionX;PositionY;PositionZ;RotationW;RotationX;RotationY;RotationZ;ScaleFactor;DoodadSet
torch.obj;1.420996000;-2.159544000;0.861015700;0.707106800000000;0.000000000000003;0.000000030908620;0.707106800000000;1.16;Default
torch.obj;-7.043342000;6.463478000;0.861015700;0.707106800000000;0.000000030908620;0.000000000000003;-0.707106700000000;1.16;Default
