ModelFile;PositionX;PositionY;PositionZ;RotationW;RotationX;RotationY;RotationZ;ScaleFactor;DoodadSet
tirisfallstreetlamp01.obj;5.010600000;21.281130000;28.664390000;0.923879600000000;0.000000016727620;-0.000000040384060;0.382683300000000;0.9999999;Default
tirisfallstreetlamp01.obj;-4.789406000;20.971550000;28.664390000;0.923879600000000;-0.000000016727620;-0.000000040384060;-0.382683300000000;0.9999999;Default
tournament_banner_fk02.obj;4.582504000;30.683210000;28.739150000;0.688354600000000;0.000000000000000;0.000000000000000;-0.725374300000000;0.9999999;HF
tournament_banner_fk02.obj;-4.120523000;30.638070000;28.738460000;0.719339800000000;0.000000000000000;0.000000000000000;-0.694658300000000;1;HF
