ModelFile;PositionX;PositionY;PositionZ;RotationW;RotationX;RotationY;RotationZ;ScaleFactor;DoodadSet
tirisfallstreetlamp01.obj;5.018661000;15.477650000;40.398670000;0.382683300000000;0.000000000000000;0.000000000000000;-0.923879600000000;1;Default
tirisfallstreetlamp01.obj;4.900725000;-20.880450000;43.119110000;0.923879500000000;0.000000000000000;0.000000000000000;-0.382683500000000;0.9999999;Default
tirisfallstreetlamp01.obj;-4.598414000;-20.570870000;43.119110000;0.382683300000000;0.000000000000000;0.000000000000000;-0.923879600000000;1;Default
tirisfallstreetlamp01.obj;-4.857628000;15.477650000;40.398670000;-0.382683300000000;0.000000000000000;0.000000000000000;-0.923879600000000;1;Default
hordebanner02.obj;-4.223062000;24.612990000;40.412160000;0.737277300000000;0.000000000000000;0.000000000000000;-0.675590200000000;0.73;Org_SV
tournament_banner_trolls02.obj;4.872503000;-28.018380000;43.112630000;0.691434800000000;0.029787690000000;-0.025573660000000;0.721371300000000;0.9999999;Org_SV
tournament_banner_trolls02.obj;-4.414120000;-27.931680000;43.113200000;0.704182100000000;0.029327150000000;-0.026100510000000;0.708933200000000;0.9999999;Org_SV
hordebanner02.obj;4.528120000;24.670110000;40.457720000;0.688354500000000;0.000000000000000;0.000000000000000;-0.725374400000000;0.73;Org_SV
